Camp question mark,7,30,K
Swab Mob,4,0,1000
Other camp,40.78918082283433,-119.22021322767819
